{
    "display": {
        "thirdperson_righthand": {
            "rotation": [ 0, -90, 55 ],
            "translation": [ 0, 4.0, 0.5 ],
            "scale": [ 0.85, 0.85, 0.85 ]
        },
        "thirdperson_lefthand": {
            "rotation": [ 0, 90, -55 ],
            "translation": [ 0, 4.0, 0.5 ],
            "scale": [ 0.85, 0.85, 0.85 ]
        },
        "firstperson_righthand": {
            "rotation": [ 0, -90, 25 ],
            "translation": [ 1.13, 3.2, 1.13 ],
            "scale": [ 0.68, 0.68, 0.68 ]
        },
        "firstperson_lefthand": {
            "rotation": [ 0, 90, -25 ],
            "translation": [ 1.13, 3.2, 1.13 ],
            "scale": [ 0.68, 0.68, 0.68 ]
        },
        "ground": {
            "rotation": [ 0, 0, 0 ],
            "translation": [ 0, 2, 0],
            "scale":[ 0.5, 0.5, 0.5 ]
        },
        "head": {
            "rotation": [ 0, 180, 0 ],
            "translation": [ 0, 13, 7],
            "scale":[ 1, 1, 1]
        },
        "fixed": {
            "rotation": [ 0, 180, 0 ],
            "scale": [ 1, 1, 1 ]
        },
        "gui": {
            "scale": [0.67,0.67,0.67],
            "translation": [-4,-4,0]
        }
    },
    "elements": [
        {   "from": [  7,  0,  7 ],
            "to":   [  9,  9,  9 ],
            "rotation": {
                "origin": [8,8,8],
                "axis": "z",
                "angle": -45
            },
            "faces": {
                "down":  { "uv": [  2,  9,   4, 11 ], "texture": "#handle", "cullface": "up"  },
                "up":    { "uv": [  0,  9,   2, 11 ], "texture": "#handle", "cullface": "up"  },
                "north": { "uv": [  0,  0,   2,  9 ], "texture": "#handle", "cullface": "up"  },
                "south": { "uv": [  4,  0,   6,  9 ], "texture": "#handle", "cullface": "up"  },
                "west":  { "uv": [  2,  0,   4,  9 ], "texture": "#handle", "cullface": "up"  },
                "east":  { "uv": [  6,  0,   8,  9 ], "texture": "#handle", "cullface": "up"  }
            }
        },
        {   "from": [  8.99,  8.99,  8.99 ],
            "to":   [  7.01,  0.01,  7.01 ],
            "rotation": {
                "origin": [8,8,8],
                "axis": "z",
                "angle": -45
            },
            "faces": {
                "up":    { "uv": [  2,  9,   4, 11 ], "texture": "#handle", "cullface": "up"  },
                "down":  { "uv": [  0,  9,   2, 11 ], "texture": "#handle", "cullface": "up"  },
                "south": { "uv": [  2,  0,   0,  9 ], "texture": "#handle", "cullface": "up", "rotation":180  },
                "north": { "uv": [  6,  0,   4,  9 ], "texture": "#handle", "cullface": "up", "rotation":180  },
                "east":  { "uv": [  4,  0,   2,  9 ], "texture": "#handle", "cullface": "up", "rotation":180  },
                "west":  { "uv": [  8,  0,   6,  9 ], "texture": "#handle", "cullface": "up", "rotation":180  }
            }
        },
        {   "from": [  7.125,  0,  7.125 ],
            "to":   [  8.875,  8,  8.875 ],
            "rotation": {
                "origin": [8,8,8],
                "axis": "z",
                "angle": -45
            },
            "faces": {
                "down":  { "uv": [ 10,  9,  12, 11 ], "texture": "#handle", "cullface": "up"  },
                "up":    { "uv": [  8,  9,  10, 11 ], "texture": "#handle", "cullface": "up"  },
                "north": { "uv": [  8,  1,  10,  9 ], "texture": "#handle", "cullface": "up"  },
                "south": { "uv": [ 12,  1,  14,  9 ], "texture": "#handle", "cullface": "up"  },
                "west":  { "uv": [ 10,  1,  12,  9 ], "texture": "#handle", "cullface": "up"  },
                "east":  { "uv": [ 14,  1,  16,  9 ], "texture": "#handle", "cullface": "up"  }
            }
        },
        {   "from": [7.5,  8,7.5 ],
            "to":   [8.5, 32,8.5 ],
            "rotation": {
                "origin": [8,8,8],
                "axis": "z",
                "angle": -45
            },
            "faces": {
                "down":  { "uv": [  0,  0,   1,  1 ], "texture": "#blade", "cullface": "up"  },
                "up":    { "uv": [  0,  0,   1,  1 ], "texture": "#blade", "cullface": "up"  },
                "north": { "uv": [  0,  0,   1, 16 ], "texture": "#blade", "cullface": "up"  },
                "south": { "uv": [  1,  0,   2, 16 ], "texture": "#blade", "cullface": "up"  },
                "west":  { "uv": [  2,  0,   3, 16 ], "texture": "#blade", "cullface": "up"  },
                "east":  { "uv": [  3,  0,   4, 16 ], "texture": "#blade", "cullface": "up"  }
            }
        },
        {   "from": [  4,7.5,7.5 ],
            "to":   [ 12,8.5,8.5 ],
            "rotation": {
                "origin": [8,8,8],
                "axis": "z",
                "angle": -45
            },
            "faces": {
                "down":  { "uv": [  4,  0,  10,  1 ], "texture": "#blade", "cullface": "up"  },
                "up":    { "uv": [  4,  1,  10,  2 ], "texture": "#blade", "cullface": "up"  },
                "west":  { "uv": [  4,  0,   5,  1 ], "texture": "#blade", "cullface": "up"  },
                "east":  { "uv": [  4,  0,   5,  1 ], "texture": "#blade", "cullface": "up"  },
                "north": { "uv": [  4,  2,  10,  3 ], "texture": "#blade", "cullface": "up"  },
                "south": { "uv": [  4,  3,  10,  4 ], "texture": "#blade", "cullface": "up"  }
            }
        },
        {   "from": [  3.875,7.375,7.375 ],
            "to":   [ 12.125,8.625,8.625 ],
            "rotation": {
                "origin": [8,8,8],
                "axis": "z",
                "angle": -45
            },
            "faces": {
                "down":  { "uv": [  4,  4,  10,  5 ], "texture": "#blade", "cullface": "up"  },
                "up":    { "uv": [  4,  5,  10,  6 ], "texture": "#blade", "cullface": "up"  },
                "west":  { "uv": [ 15, 16,  15, 16 ], "texture": "#blade", "cullface": "up"  },
                "east":  { "uv": [ 15, 16,  15, 16 ], "texture": "#blade", "cullface": "up"  },
                "north": { "uv": [  4,  6,  10,  7 ], "texture": "#blade", "cullface": "up"  },
                "south": { "uv": [  4,  7,  10,  8 ], "texture": "#blade", "cullface": "up"  }
            }
        },
        {   "to": [  3.875,7.375,7.375 ],
            "from":   [ 12.125,8.625,8.625 ],
            "rotation": {
                "origin": [8,8,8],
                "axis": "z",
                "angle": -45
            },
            "faces": {
                "down":  { "uv": [  4,  4,  10,  5 ], "texture": "#blade", "cullface": "up"  },
                "up":    { "uv": [  4,  5,  10,  6 ], "texture": "#blade", "cullface": "up"  },
                "west":  { "uv": [ 15, 16,  15, 16 ], "texture": "#blade", "cullface": "up"  },
                "east":  { "uv": [ 15, 16,  15, 16 ], "texture": "#blade", "cullface": "up"  },
                "north": { "uv": [  4,  6,  10,  7 ], "texture": "#blade", "cullface": "up"  },
                "south": { "uv": [  4,  7,  10,  8 ], "texture": "#blade", "cullface": "up"  }
            }
        }
    ]
}