{
    "display": {
        "thirdperson_righthand": {
            "rotation": [ 0, -90, 55 ],
            "translation": [ 0, 4.0, 0.5 ],
            "scale": [ 0.85, 0.85, 0.85 ]
        },
        "thirdperson_lefthand": {
            "rotation": [ 0, 90, -55 ],
            "translation": [ 0, 4.0, 0.5 ],
            "scale": [ 0.85, 0.85, 0.85 ]
        },
        "firstperson_righthand": {
            "rotation": [ 0, -90, 25 ],
            "translation": [ 1.13, 3.2, 1.13 ],
            "scale": [ 0.68, 0.68, 0.68 ]
        },
        "firstperson_lefthand": {
            "rotation": [ 0, 90, -25 ],
            "translation": [ 1.13, 3.2, 1.13 ],
            "scale": [ 0.68, 0.68, 0.68 ]
        },
        "ground": {
            "rotation": [ 0, 0, 0 ],
            "translation": [ 0, 2, 0],
            "scale":[ 0.5, 0.5, 0.5 ]
        },
        "head": {
            "rotation": [ 0, 180, 0 ],
            "translation": [ 0, 13, 7],
            "scale":[ 1, 1, 1]
        },
        "fixed": {
            "rotation": [ 0, 180, 0 ],
            "scale": [ 1, 1, 1 ]
        },
        "gui": {
            "scale": [0.67,0.67,0.67],
            "translation": [-4,-4,0]
        }
    },
    "elements": [
        {   "from": [  7,  0,  7 ],
            "to":   [  9,  9,  9 ],
            "rotation": {
                "origin": [8,8,8],
                "axis": "z",
                "angle": -45
            },
            "faces": {
                "down":  { "uv": [  0,  0,   2,  2 ], "texture": "#handle", "cullface": "up"  },
                "up":    { "uv": [  0,  0,   2,  2 ], "texture": "#handle", "cullface": "up"  },
                "north": { "uv": [  0,  0,   9,  2 ], "texture": "#handle", "cullface": "up"  },
                "south": { "uv": [  0,  0,   9,  2 ], "texture": "#handle", "cullface": "up"  },
                "west":  { "uv": [  0,  0,   9,  2 ], "texture": "#handle", "cullface": "up"  },
                "east":  { "uv": [  0,  0,   9,  2 ], "texture": "#handle", "cullface": "up"  }
            }
        },
        {   "from": [  7,  9,  8 ],
            "to":   [  9, 24,  8 ],
            "rotation": {
                "origin": [8,8,8],
                "axis": "z",
                "angle": -45
            },
            "faces": {
                "down":  { "uv": [  0,  0,   0,  0 ], "texture": "#blade", "cullface": "up"  },
                "up":    { "uv": [  0,  0,   0,  0 ], "texture": "#blade", "cullface": "up"  },
                "west": { "uv": [  0,  0,   0, 16 ], "texture": "#blade", "cullface": "up"  },
                "east": { "uv": [  0,  0,   0, 16 ], "texture": "#blade", "cullface": "up"  },
                "north":  { "uv": [  0,  0,   2, 16 ], "texture": "#blade", "cullface": "up"  },
                "south":  { "uv": [  2,  0,   0, 16 ], "texture": "#blade", "cullface": "up"  }
            }
        },
        {   "from": [ 10,7.75,9.5 ],
            "to":   [  6,8.25,6.5 ],
            "rotation": {
                "origin": [8,8,8],
                "axis": "z",
                "angle": -22.5
            },
            "faces": {
                "down":  { "uv": [  2,  2,   4,  6 ], "texture": "#handle", "cullface": "up"  },
                "up":    { "uv": [  2,  2,   4,  6 ], "texture": "#handle", "cullface": "up"  },
                "west": { "uv": [  2,  2,   4,  3 ], "texture": "#handle", "cullface": "up"  },
                "east": { "uv": [  2,  2,   4,  3 ], "texture": "#handle", "cullface": "up"  },
                "north":  { "uv": [  2,  2,   6,  3 ], "texture": "#handle", "cullface": "up"  },
                "south":  { "uv": [  2,  2,   6,  3 ], "texture": "#handle", "cullface": "up"  }
            }
        }
    ]
}