{
    "parent": "item/handheld",
    "textures": {
        "layer0": "item/diamond_hoe"
    },
    "overrides":[
        {
            "predicate":{
                "damaged":0,
                "damage":0.9833440
            },
            "model":"block/kyberore"
        },
        {
            "predicate":{
                "damaged":0,
                "damage":0.9839846
            },
            "model":"item/kybercrystal_black"
        },
        {
            "predicate":{
                "damaged":0,
                "damage":0.98462524
            },
            "model":"item/kybercrystal_purple"
        },
        {
            "predicate":{
                "damaged":0,
                "damage":0.98526585
            },
            "model":"item/kybercrystal_yellow"
        },
        {
            "predicate":{
                "damaged":0,
                "damage":0.98590647
            },
            "model":"item/kybercrystal_blue"
        },
        {
            "predicate":{
                "damaged":0,
                "damage":0.98654708
            },
            "model":"item/kybercrystal_green"
        },
        {
            "predicate":{
                "damaged":0,
                "damage":0.98718770
            },
            "model":"item/kybercrystal_white"
        },
        {
            "predicate":{
                "damaged":0,
                "damage":0.98782831
            },
            "model":"item/kybercrystal_red"
        },
        {
            "predicate":{
                "damaged":0,
                "damage":0.98846893
            },
            "model":"item/kybercrystal_cracked"
        },
        {
            "predicate":{
                "damaged":0,
                "damage":0.98910954
            },
            "model":"item/kybercrystal_colorless"
        },
        {
            "predicate":{
                "damaged":0,
                "damage":0.98975016
            },
            "model":"item/lightsaber_black"
        },
        {
            "predicate":{
                "damaged":0,
                "damage":0.99039077
            },
            "model":"item/lightsaber_purple"
        },
        {
            "predicate":{
                "damaged":0,
                "damage":0.99103139
            },
            "model":"item/lightsaber_yellow"
        },
        {
            "predicate":{
                "damaged":0,
                "damage":0.99167200
            },
            "model":"item/lightsaber_blue"
        },
        {
            "predicate":{
                "damaged":0,
                "damage":0.99231262
            },
            "model":"item/lightsaber_green"
        },
        {
            "predicate":{
                "damaged":0,
                "damage":0.99295323
            },
            "model":"item/kybercrystal_white"
        },
        {
            "predicate":{
                "damaged":0,
                "damage":0.99359385
            },
            "model":"item/kybercrystal_red"
        },
        {
            "predicate":{
                "damaged":0,
                "damage":0.99423446
            },
            "model":"item/kybercrystal_cracked"
        },
        {
            "predicate":{
                "damaged":0,
                "damage":0.99487508
            },
            "model":"block/lightsaberforge"
        },
        {
            "predicate":{
                "damaged":0,
                "damage":0.99551570
            },
            "model":"entity/infernalcrown"
        },
        {
            "predicate":{
                "damaged":0,
                "damage":0.99615631
            },
            "model":"entity/infernoshields"
        },
        {
            "predicate":{
                "damaged":0,
                "damage":0.99679693
            },
            "model":"entity/infernobody"
        },
        {
            "predicate":{
                "damaged":0,
                "damage":0.99743754
            },
            "model":"guis/crafter"
        },
        {
            "predicate":{
                "damaged":0,
                "damage":0.99807816
            },
            "model":"item/crafter"
        },
        {
            "predicate":{
                "damaged":0,
                "damage":0.99871877
            },
            "model":"item/tile"
        },
        {
            "predicate":{
                "damaged":0,
                "damage":0.99935939
            },
            "model":"item/eyeblock"
        },
    	{
    		"predicate":{
                "damaged":0,
    			"damage":1
    		},
    		"model":"item/cloaking_field"
    	},
        {
            "predicate": {
                "damaged": 1,
                "damage": 0
            },
            "model": "item/diamond_hoe_alt"
        }
    ]
}
