{
    "parent": "item/handheld",
    "textures": {
        "layer0": "item/diamond_pickaxe"
    },
    "overrides":[
        {
            "predicate":{
                "damaged":0,
                "damage":0.99487508501
            },
            "model":"item/arkonite_hammer"
        },
        {
            "predicate":{
                "damaged":0,
                "damage":0.99551570
            },
            "model":"item/lightsaber_black"
        },
        {
            "predicate":{
                "damaged":0,
                "damage":0.99615631
            },
            "model":"item/lightsaber_purple"
        },
        {
            "predicate":{
                "damaged":0,
                "damage":0.99679693
            },
            "model":"item/lightsaber_yellow"
        },
        {
            "predicate":{
                "damaged":0,
                "damage":0.99743754
            },
            "model":"item/lightsaber_blue"
        },
        {
            "predicate":{
                "damaged":0,
                "damage":0.99807816
            },
            "model":"item/lightsaber_green"
        },
        {
            "predicate":{
                "damaged":0,
                "damage":0.99871877
            },
            "model":"item/lightsaber_white"
        },
        {
            "predicate":{
                "damaged":0,
                "damage":0.99935939
            },
            "model":"item/lightsaber_red"
        },
        {
            "predicate":{
                "damaged":0,
                "damage":1
            },
            "model":"item/lightsaber_cracked"
        },
        {
            "predicate": {
                "damaged": 1,
                "damage": 0
            },
            "model": "item/diamond_axe_alt"
        }
    ]
}
