{
    "parent": "item/handheld",
    "textures": {
        "layer0": "item/blaze_rod"
    },
    "overrides": [
    	{
            "predicate":{
                "custom_model_data":1
            },
            "model":"entity/infernalcrown"
        },
        {
            "predicate":{
                "custom_model_data":2
            },
            "model":"entity/infernoshields"
        },
        {
            "predicate":{
                "custom_model_data":3
            },
            "model":"entity/infernobody"
        }
    ]
}
