{
    "parent": "item/handheld",
    "textures": {
        "layer0": "item/diamond_sword"
    },
    "overrides":[
        {
            "predicate":{
                "custom_model_data":2
            },
            "model":"item/lightsaber_black"
        },
        {
            "predicate":{
                "custom_model_data":3
            },
            "model":"item/lightsaber_purple"
        },
        {
            "predicate":{
                "custom_model_data":4
            },
            "model":"item/lightsaber_yellow"
        },
        {
            "predicate":{
                "custom_model_data":5
            },
            "model":"item/lightsaber_blue"
        },
        {
            "predicate":{
                "custom_model_data":6
            },
            "model":"item/lightsaber_green"
        },
        {
            "predicate":{
                "custom_model_data":7
            },
            "model":"item/lightsaber_white"
        },
        {
            "predicate":{
                "custom_model_data":8
            },
            "model":"item/lightsaber_red"
        },
        {
            "predicate":{
                "custom_model_data":9
            },
            "model":"item/lightsaber_cracked"
        },
        {
            "predicate":{
                "custom_model_data":42
            },
            "model":"item/arkonite_hammer"
        }
    ]
}
