{
	"parent": "item/generated",
	"textures": {
		"layer0": "item/emerald"
	},
	"overrides":[

		{
			"predicate":{
				"custom_model_data":1
			},
			"model":"item/ruby"
		},
		{
			"predicate":{
				"custom_model_data":2
			},
			"model":"item/kybercrystal_black"
		},
		{
			"predicate":{
				"custom_model_data":3
			},
			"model":"item/kybercrystal_purple"
		},
		{
			"predicate":{
				"custom_model_data":4
			},
			"model":"item/kybercrystal_yellow"
		},
		{
			"predicate":{
				"custom_model_data":5
			},
			"model":"item/kybercrystal_blue"
		},
		{
			"predicate":{
				"custom_model_data":6
			},
			"model":"item/kybercrystal_green"
		},
		{
			"predicate":{
				"custom_model_data":7
			},
			"model":"item/kybercrystal_white"
		},
		{
			"predicate":{
				"custom_model_data":8
			},
			"model":"item/kybercrystal_red"
		},
		{
			"predicate":{
				"custom_model_data":9
			},
			"model":"item/kybercrystal_cracked"
		},
		{
			"predicate":{
				"custom_model_data":10
			},
			"model":"item/kybercrystal_colorless"
		}
	]
}