{
    "textures": {
        "particle": "item/tile",
        "side": "item/tile"
    },
	"display": {
		"head": {
			"rotation": [ -30, 0, 0 ],
			"translation": [ 0, -30.75, -7.25 ],
			"scale": [ 3.0125, 3.0125, 3.0125 ]
		},
        "gui": {
            "rotation": [ 30, 225, 0 ],
            "translation": [ 0, 0, 0],
            "scale":[ 0.625, 0.625, 0.625 ]
        },
        "ground": {
            "rotation": [ 0, 0, 0 ],
            "translation": [ 0, 3, 0],
            "scale":[ 0.25, 0.25, 0.25 ]
        },
        "fixed": {
            "rotation": [ 0, 0, 0 ],
            "translation": [ 0, 0, 0],
            "scale":[ 0.5, 0.5, 0.5 ]
        },
        "thirdperson_righthand": {
            "rotation": [ 75, 45, 0 ],
            "translation": [ 0, 2.5, 0],
            "scale": [ 0.375, 0.375, 0.375 ]
        },
        "firstperson_righthand": {
            "rotation": [ 0, 135, 0 ],
            "translation": [ 0, 0, 0 ],
            "scale": [ 0.40, 0.40, 0.40 ]
        },
        "firstperson_lefthand": {
            "rotation": [ 0, 225, 0 ],
            "translation": [ 0, 0, 0 ],
            "scale": [ 0.40, 0.40, 0.40 ]
        }
	},
    "elements": [
        {   "from": [   0,  0,  0 ],
            "to":   [  16, 16, 16 ],
            "faces": {
                "down":  { "uv": [  0,  0,  16, 16 ], "texture": "#side", "cullface": "down" },
                "up":    { "uv": [  0,  0,  16, 16 ], "texture": "#side", "cullface": "up" },
                "north": { "uv": [  0,  0,  16, 16 ], "texture": "#side", "cullface": "north" },
                "south": { "uv": [  0,  0,  16, 16 ], "texture": "#side", "cullface": "south" },
                "west":  { "uv": [  0,  0,  16, 16 ], "texture": "#side", "cullface": "west" },
                "east":  { "uv": [  0,  0,  16, 16 ], "texture": "#side", "cullface": "east" }
            }
        }
    ]
}
