{
    "textures": {
        "down": "block/oak_planks",
        "up": "block/crafting_table_top",
        "north": "block/crafting_table_front",
        "east": "block/crafting_table_side",
        "south": "block/crafting_table_side",
        "west": "block/crafting_table_front"
    },
    "display": {
        "head": {
            "rotation": [ 0, 180, 0 ],
            "translation": [ 0, -30.42, 0],
            "scale":[ 1.601, 1.601, 1.601]
        }
    },
    "elements": [
        {   "from": [   0,  0,  0 ],
            "to":   [  16, 16, 16 ],
            "faces": {
                "up":    { "uv": [  0,  0,  16, 16 ], "texture": "#up", "cullface": "up" },
                "down":  { "uv": [  0,  0,  16, 16 ], "texture": "#down", "cullface": "down" },
                "north": { "uv": [  0,  0,  16, 16 ], "texture": "#north", "cullface": "north" },
                "south": { "uv": [  0,  0,  16, 16 ], "texture": "#south", "cullface": "south" },
                "west":  { "uv": [  0,  0,  16, 16 ], "texture": "#west", "cullface": "west" },
                "east":  { "uv": [  0,  0,  16, 16 ], "texture": "#east", "cullface": "east" }
            }
        }
    ]
}
