{
    "textures": {
        "all": "block/mob_spawner"
    },    "parent": "block/block",
    "elements": [
        {   "from": [ 1, 1, 1 ],
            "to": [ 15, 15, 15 ],
            "faces": {
                "down":  { "texture": "#all", "cullface": "down" },
                "up":    { "texture": "#all", "cullface": "up" },
                "north": { "texture": "#all", "cullface": "north" },
                "south": { "texture": "#all", "cullface": "south" },
                "west":  { "texture": "#all", "cullface": "west" },
                "east":  { "texture": "#all", "cullface": "east" }
            }
        }
    ]
}
