{
    "parent": "block/cube_column",
    "display": {
        "firstperson_righthand": {
            "rotation": [ 0, 135, 0 ],
            "translation": [ 0, 0, 0 ],
            "scale": [ 0.40, 0.40, 0.40 ]
        }
    },
    "textures": {
        "end": "block/pumpkin_top",
        "side": "block/pumpkin_side"
    },
    "overrides": [
        {
            "predicate":{
                "custom_model_data":1
            },
            "model":"entity/infernalcrown"
        },
        {
            "predicate":{
                "custom_model_data":2
            },
            "model":"block/hat"
        }
    ]
}
