{
    "ambientocclusion": false,
    "display": {
            "head":{
                "rotation":    [  0,  0,  0 ],
                "translation": [  0, -1,  0 ],
                "scale":       [  4,  4,  4 ]
            }
        },
    "textures": {
        "particle": "blocks/stone",
        "base": "blocks/statue",
        "extra": "blocks/stone"
    },
    "elements": [
        {   "from": [  4, 24,  4 ],
            "to":   [ 12, 32, 12 ],
            "shade":true,
            "faces": {
                "down":  { "uv": [  4,  0,   6,  2 ], "texture": "#base", "cullface": "up"  },
                "up":    { "uv": [  2,  0,   4,  2 ], "texture": "#base", "cullface": "up"  },
                "north": { "uv": [  0,  2,   2,  4 ], "texture": "#base", "cullface": "up"  },
                "south": { "uv": [  4,  2,   6,  4 ], "texture": "#base", "cullface": "up"  },
                "west":  { "uv": [  2,  2,   4,  4 ], "texture": "#base", "cullface": "up"  },
                "east":  { "uv": [  6,  2,   8,  4 ], "texture": "#base", "cullface": "up"  }
            }
        },
        {   "from": [  6, 12,  4 ],
            "to":   [ 10, 24, 12 ],
            "shade":true,
            "faces": {
                "down":  { "uv": [  7,  4,   9,  5 ], "texture": "#base", "cullface": "up"  },
                "up":    { "uv": [  5,  4,   7,  5 ], "texture": "#base", "cullface": "up"  },
                "north": { "uv": [  4,  5,   5,  8 ], "texture": "#base", "cullface": "up"  },
                "south": { "uv": [  7,  5,   8,  8 ], "texture": "#base", "cullface": "up"  },
                "west":  { "uv": [  5,  5,   7,  8 ], "texture": "#base", "cullface": "up"  },
                "east":  { "uv": [  8,  5,  10,  8 ], "texture": "#base", "cullface": "up"  }
            }
        },
        {   "from": [  6, 12,  0 ],
            "to":   [ 10, 24,  4 ],
            "rotation": {
                "origin": [ 8,22, 2 ],
                "axis": "z",
                "angle": -45
                },
            "shade":true,
            "faces": {
                "down":  { "uv": [ 12,  4,  13,  5 ], "texture": "#base", "cullface": "up", "rotation":90  },
                "up":    { "uv": [ 11,  4,  12,  5 ], "texture": "#base", "cullface": "up"  },
                "north": { "uv": [ 10,  5,  11,  8 ], "texture": "#base", "cullface": "up"  },
                "south": { "uv": [ 12,  5,  13,  8 ], "texture": "#base", "cullface": "up"  },
                "west":  { "uv": [ 11,  5,  12,  8 ], "texture": "#base", "cullface": "up"  },
                "east":  { "uv": [ 13,  5,  14,  8 ], "texture": "#base", "cullface": "up"  }
            }
        },
        {   "from": [  6, 12, 12 ],
            "to":   [ 10, 24, 16 ],
            "rotation": {
                "origin": [ 8,22, 2 ],
                "axis": "z",
                "angle": -45
                },
            "shade":true,
            "faces": {
                "down":  { "uv": [ 13,  4,  12,  5 ], "texture": "#base", "cullface": "up", "rotation":90  },
                "up":    { "uv": [ 12,  4,  11,  5 ], "texture": "#base", "cullface": "up"  },
                "north": { "uv": [ 13,  5,  12,  8 ], "texture": "#base", "cullface": "up"  },
                "south": { "uv": [ 11,  5,  10,  8 ], "texture": "#base", "cullface": "up"  },
                "west":  { "uv": [ 12,  5,  11,  8 ], "texture": "#base", "cullface": "up"  },
                "east":  { "uv": [ 14,  5,  13,  8 ], "texture": "#base", "cullface": "up"  }
            }
        },
        {   "from": [  6,  0,  4 ],
            "to":   [ 10, 12,  8 ],
            "shade":true,
            "faces": {
                "down":  { "uv": [  2,  4,   3,  5 ], "texture": "#base", "cullface": "up"  },
                "up":    { "uv": [  1,  4,   2,  5 ], "texture": "#base", "cullface": "up"  },
                "north": { "uv": [  0,  5,   1,  8 ], "texture": "#base", "cullface": "up"  },
                "south": { "uv": [  2,  5,   3,  8 ], "texture": "#base", "cullface": "up"  },
                "west":  { "uv": [  1,  5,   2,  8 ], "texture": "#base", "cullface": "up"  },
                "east":  { "uv": [  3,  5,   4,  8 ], "texture": "#base", "cullface": "up"  }
            }
        },
        {   "from": [  6,  0,  8 ],
            "to":   [ 10, 12, 12 ],
            "shade":true,
            "faces": {
                "down":  { "uv": [  3,  4,   2,  5 ], "texture": "#base", "cullface": "up"  },
                "up":    { "uv": [  2,  4,   1,  5 ], "texture": "#base", "cullface": "up"  },
                "north": { "uv": [  3,  5,   2,  8 ], "texture": "#base", "cullface": "up"  },
                "south": { "uv": [  1,  5,   0,  8 ], "texture": "#base", "cullface": "up"  },
                "west":  { "uv": [  2,  5,   1,  8 ], "texture": "#base", "cullface": "up"  },
                "east":  { "uv": [  4,  5,   3,  8 ], "texture": "#base", "cullface": "up"  }
            }
        }
    ]
}