{
    "ambientocclusion": true,
    "textures": {
        "particle": "blocks/stone",
        "base": "blocks/statue",
        "extra": "blocks/stone"
    },
    "elements": [
        {   "from": [  4,  8,  4 ],
            "to":   [ 12, 16, 12 ],
            "shade":true,
            "faces": {
                "down":  { "uv": [  4,  0,   6,  2 ], "texture": "#base", "cullface": "down"  },
                "up":    { "uv": [  2,  0,   4,  2 ], "texture": "#base", "cullface": "up"  },
                "north": { "uv": [  0,  2,   2,  4 ], "texture": "#base", "cullface": "north"  },
                "south": { "uv": [  4,  2,   6,  4 ], "texture": "#base", "cullface": "south"  },
                "west":  { "uv": [  2,  2,   4,  4 ], "texture": "#base", "cullface": "west"  },
                "east":  { "uv": [  6,  2,   8,  4 ], "texture": "#base", "cullface": "east"  }
            }
        },
        {   "from": [  6, -4,  4 ],
            "to":   [ 10,  8, 12 ],
            "shade":true,
            "faces": {
                "down":  { "uv": [  7,  4,   9,  5 ], "texture": "#base", "cullface": "down"  },
                "up":    { "uv": [  5,  4,   7,  5 ], "texture": "#base", "cullface": "up"  },
                "north": { "uv": [  4,  5,   5,  8 ], "texture": "#base", "cullface": "north"  },
                "south": { "uv": [  7,  5,   8,  8 ], "texture": "#base", "cullface": "south"  },
                "west":  { "uv": [  5,  5,   7,  8 ], "texture": "#base", "cullface": "west"  },
                "east":  { "uv": [  8,  5,  10,  8 ], "texture": "#base", "cullface": "east"  }
            }
        },
        {   "from": [  6, -4,  0 ],
            "to":   [ 10,  8,  4 ],
            "rotation": {
                "origin": [ 8, 6, 2 ],
                "axis": "z",
                "angle": -45
                },
            "shade":true,
            "faces": {
                "down":  { "uv": [ 12,  4,  13,  5 ], "texture": "#base", "cullface": "down"  },
                "up":    { "uv": [ 11,  4,  12,  5 ], "texture": "#base", "cullface": "up"  },
                "north": { "uv": [ 10,  5,  11,  8 ], "texture": "#base", "cullface": "north"  },
                "south": { "uv": [ 12,  5,  13,  8 ], "texture": "#base", "cullface": "south"  },
                "west":  { "uv": [ 11,  5,  12,  8 ], "texture": "#base", "cullface": "west"  },
                "east":  { "uv": [ 13,  5,  14,  8 ], "texture": "#base", "cullface": "east"  }
            }
        },
        {   "from": [  6, -4, 12 ],
            "to":   [ 10,  8, 16 ],
            "rotation": {
                "origin": [ 8, 6, 2 ],
                "axis": "z",
                "angle": -45
                },
            "shade":true,
            "faces": {
                "down":  { "uv": [ 13,  4,  12,  5 ], "texture": "#base", "cullface": "down"  },
                "up":    { "uv": [ 12,  4,  11,  5 ], "texture": "#base", "cullface": "up"  },
                "north": { "uv": [ 13,  5,  12,  8 ], "texture": "#base", "cullface": "north"  },
                "south": { "uv": [ 11,  5,  10,  8 ], "texture": "#base", "cullface": "south"  },
                "west":  { "uv": [ 12,  5,  11,  8 ], "texture": "#base", "cullface": "west"  },
                "east":  { "uv": [ 14,  5,  13,  8 ], "texture": "#base", "cullface": "east"  }
            }
        },
        {   "from": [  6,-16,  4 ],
            "to":   [ 10, -4,  8 ],
            "shade":true,
            "faces": {
                "down":  { "uv": [  2,  4,   3,  5 ], "texture": "#base", "cullface": "down"  },
                "up":    { "uv": [  1,  4,   2,  5 ], "texture": "#base", "cullface": "up"  },
                "north": { "uv": [  0,  5,   1,  8 ], "texture": "#base", "cullface": "north"  },
                "south": { "uv": [  2,  5,   3,  8 ], "texture": "#base", "cullface": "south"  },
                "west":  { "uv": [  1,  5,   2,  8 ], "texture": "#base", "cullface": "west"  },
                "east":  { "uv": [  3,  5,   4,  8 ], "texture": "#base", "cullface": "east"  }
            }
        },
        {   "from": [  6,-16,  8 ],
            "to":   [ 10, -4, 12 ],
            "shade":true,
            "faces": {
                "down":  { "uv": [  3,  4,   2,  5 ], "texture": "#base", "cullface": "down"  },
                "up":    { "uv": [  2,  4,   1,  5 ], "texture": "#base", "cullface": "up"  },
                "north": { "uv": [  3,  5,   2,  8 ], "texture": "#base", "cullface": "north"  },
                "south": { "uv": [  1,  5,   0,  8 ], "texture": "#base", "cullface": "south"  },
                "west":  { "uv": [  2,  5,   1,  8 ], "texture": "#base", "cullface": "west"  },
                "east":  { "uv": [  4,  5,   3,  8 ], "texture": "#base", "cullface": "east"  }
            }
        }
    ]
}