{
    "ambientocclusion": true,
    "textures": {
        "particle": "block/redstone_block",
        "base": "block/server_sign"
    },
    "elements": [
        {   "from": [  0,  0,  0 ],
            "to":   [  0, 16, 16 ],
            "shade":true,
            "faces": {
                "down":  { "uv": [  0,  0,  16, 16 ], "texture": "#base", "cullface": "down"  },
                "up":    { "uv": [  0,  0,  16, 16 ], "texture": "#base", "cullface": "up"  },
                "north": { "uv": [  0,  0,  16, 16 ], "texture": "#base", "cullface": "north"  },
                "south": { "uv": [  0,  0,  16, 16 ], "texture": "#base", "cullface": "south"  },
                "west":  { "uv": [  0,  0,  16, 16 ], "texture": "#base", "cullface": "west"  },
                "east":  { "uv": [  0,  0,  16, 16 ], "texture": "#base", "cullface": "east"  }
            }
        }
    ]
}