{
    "textures": {
        "all": "block/kyberore"
    },
    "display": {
        "head": {
            "rotation": [ 0, 180, 0 ],
            "translation": [ 0, -30.42, 0],
            "scale":[ 1.601, 1.601, 1.601]
        }
    },
    "elements": [
        {   "from": [   0,  0,  0 ],
            "to":   [  16, 16, 16 ],
            "faces": {
                "up":    { "uv": [  0,  0,  16, 16 ], "texture": "#all", "cullface": "up" },
                "down":  { "uv": [  0,  0,  16, 16 ], "texture": "#all", "cullface": "down" },
                "north": { "uv": [  0,  0,  16, 16 ], "texture": "#all", "cullface": "north" },
                "south": { "uv": [  0,  0,  16, 16 ], "texture": "#all", "cullface": "south" },
                "west":  { "uv": [  0,  0,  16, 16 ], "texture": "#all", "cullface": "west" },
                "east":  { "uv": [  0,  0,  16, 16 ], "texture": "#all", "cullface": "east" }
            }
        }
    ]
}
