{
    "textures": {
        "particle": "item/blaze_rod",
        "crown": "entity/crown"
    },
    "display": {
        "head": {
            "rotation": [ 0, 0, 0 ],
            "translation": [ 0, 0, 0],
            "scale": [ 1.6, 1.6, 1.6 ]
        },
        "gui": {
            "rotation": [ 35, 135, 0 ],
            "translation": [ 0, 0, 0],
            "scale": [ 1, 1, 1 ]
        },
        "ground": {
            "rotation": [ 0, 0, 0 ],
            "translation": [ 0, 0, 0],
            "scale": [ 1.0, 1.0, 1.0 ]
        },
        "fixed": {
            "rotation": [ 0, 0, 0 ],
            "translation": [ 0, 16, 50],
            "scale":[ 1.0, 1.0, 1.0 ]
        },
        "thirdperson_righthand": {
            "rotation": [ 0, 0, 0 ],
            "translation": [ 0, 0, 0],
            "scale": [ 1.0, 1.0, 1.0 ]
        },
        "firstperson_righthand": {
            "rotation": [ 0, 0, 0 ],
            "translation": [ 0, 0, 0],
            "scale": [ 1.0, 1.0, 1.0 ]
        },
        "firstperson_lefthand": {
            "rotation": [ 0, 0, 0 ],
            "translation": [ 0, 0, 0],
            "scale": [ 1.0, 1.0, 1.0 ]
        }
    },
    "elements": [
        {   "from": [   3.5,  3.5,  3.5 ],
            "to":   [  12.5, 13.5, 12.5 ],
            "faces": {
                "down":  { "uv": [  8, 16,   4, 12 ], "texture": "#crown", "cullface": "down" },
                "up":    { "uv": [  8,  4,   4,  0 ], "texture": "#crown", "cullface": "up" },
                "north": { "uv": [  4,  3.5,   8,  8 ], "texture": "#crown", "cullface": "north" },
                "south": { "uv": [ 12,  3.5,  16,  8 ], "texture": "#crown", "cullface": "south" },
                "west":  { "uv": [  8,  3.5,  12,  8 ], "texture": "#crown", "cullface": "west" },
                "east":  { "uv": [  0,  3.5,   4,  8 ], "texture": "#crown", "cullface": "east" }
            }
        },
        {   "from": [   4.625,  3.5, 11.375 ],
            "to":   [  11.375, 13.5,  4.625 ],
            "faces": {
                "down":  { "uv": [  0.5,  0,   3.5,  4 ], "texture": "#crown", "cullface": "down" },
                "up":    { "uv": [  0.5,  0,   3.5,  4 ], "texture": "#crown", "cullface": "up" },
                "south": { "uv": [  4.5,  3.5,   7.5,  8 ], "texture": "#crown", "cullface": "north" },
                "north": { "uv": [ 12.5,  3.5,  15.5,  8 ], "texture": "#crown", "cullface": "south" },
                "west":  { "uv": [  8.5,  3.5,  11.5,  8 ], "texture": "#crown", "cullface": "west" },
                "east":  { "uv": [  0.5,  3.5,   3.5,  8 ], "texture": "#crown", "cullface": "east" }
            }
        },
        {   "from": [   3.5,  3.5,  3.5 ],
            "to":   [  12.5, 12.375, 12.5 ],
            "faces": {
                "down":  { "uv": [  0,  0,   4,  4 ], "texture": "#crown", "cullface": "down" },
                "up":    { "uv": [  0, 12,   4, 16 ], "texture": "#crown", "cullface": "up" },
                "north": { "uv": [  0,  0,   4,  4 ], "texture": "#crown", "cullface": "north" },
                "south": { "uv": [  0,  0,   4,  4 ], "texture": "#crown", "cullface": "south" },
                "west":  { "uv": [  0,  0,   4,  4 ], "texture": "#crown", "cullface": "west" },
                "east":  { "uv": [  0,  0,   4,  4 ], "texture": "#crown", "cullface": "east" }
            }
        },
        {   "from": [   6.875, 12.375,  3.5 ],
            "to":   [   9.125,   13.5,  4.625 ],
            "faces": {
                "down":  { "uv": [  0,  0,   1,  1 ], "texture": "#crown", "cullface": "down" },
                "up":    { "uv": [  0,  0,   1,  1 ], "texture": "#crown", "cullface": "up" },
                "north": { "uv": [  0,  0,   1,  1 ], "texture": "#crown", "cullface": "north" },
                "south": { "uv": [  0,  0,   1,  1 ], "texture": "#crown", "cullface": "south" },
                "west":  { "uv": [  0,  4,   0.5,  4.5 ], "texture": "#crown", "cullface": "west" },
                "east":  { "uv": [  0,  4,   0.5,  4.5 ], "texture": "#crown", "cullface": "east" }
            }
        },
        {   "from": [   4.625,  11.25,  4.625 ],
            "to":   [   5.75,   12.375,  3.5 ],
            "faces": {
                "down":  { "uv": [  0,  4,   0.5,  4.5 ], "texture": "#crown", "cullface": "down" },
                "up":    { "uv": [  0,  0,   1,  1 ], "texture": "#crown", "cullface": "up" },
                "north": { "uv": [  0,  0,   1,  1 ], "texture": "#crown", "cullface": "north" },
                "south": { "uv": [  0,  0,   1,  1 ], "texture": "#crown", "cullface": "south" },
                "west":  { "uv": [  0,  4,   0.5,  4.5 ], "texture": "#crown", "cullface": "west" },
                "east":  { "uv": [  0,  4,   0.5,  4.5 ], "texture": "#crown", "cullface": "east" }
            }
        },
        {   "from": [  10.25, 11.25,  4.625 ],
            "to":   [  11.375,   12.375,  3.5 ],
            "faces": {
                "down":  { "uv": [  0,  4,   0.5,  4.5 ], "texture": "#crown", "cullface": "down" },
                "up":    { "uv": [  0,  0,   1,  1 ], "texture": "#crown", "cullface": "up" },
                "north": { "uv": [  0,  0,   1,  1 ], "texture": "#crown", "cullface": "north" },
                "south": { "uv": [  0,  0,   1,  1 ], "texture": "#crown", "cullface": "south" },
                "west":  { "uv": [  0,  4,   0.5,  4.5 ], "texture": "#crown", "cullface": "west" },
                "east":  { "uv": [  0,  4,   0.5,  4.5 ], "texture": "#crown", "cullface": "east" }
            }
        },
        {   "from": [   4.625,    7.9375,  4.625 ],
            "to":   [  11.375,    9.0625,  3.5 ],
            "faces": {
                "down":  { "uv": [  4.5,  6,   7.5,  6.5 ], "texture": "#crown", "cullface": "down" },
                "up":    { "uv": [  4.5,  5,   7.5,  5.5 ], "texture": "#crown", "cullface": "up" },
                "north": { "uv": [  0,  0,   1,  1 ], "texture": "#crown", "cullface": "north" },
                "south": { "uv": [  0,  0,   1,  1 ], "texture": "#crown", "cullface": "south" },
                "west":  { "uv": [  0,  4,   0.5,  4.5 ], "texture": "#crown", "cullface": "west" },
                "east":  { "uv": [  0,  4,   0.5,  4.5 ], "texture": "#crown", "cullface": "east" }
            }
        },
        {   "from": [   5.75,    3.5,  4.625 ],
            "to":   [  10.25,    7.9375,  3.5 ],
            "faces": {
                "down":  { "uv": [  0,  0,   1,  1 ], "texture": "#crown", "cullface": "down" },
                "up":    { "uv": [  0,  0,   1,  1 ], "texture": "#crown", "cullface": "up" },
                "north": { "uv": [  0,  0,   1,  1 ], "texture": "#crown", "cullface": "north" },
                "south": { "uv": [  0,  0,   1,  1 ], "texture": "#crown", "cullface": "south" },
                "west":  { "uv": [  0,  4,   0.5,  4.5 ], "texture": "#crown", "cullface": "west" },
                "east":  { "uv": [  0,  4,   0.5,  4.5 ], "texture": "#crown", "cullface": "east" }
            }
        }
    ]
}
